<?xml version="1.0" encoding="UTF-8"?>

<!DOCTYPE hibernate-mapping PUBLIC "-//Hibernate/Hibernate Mapping DTD 3.0//EN" "http://www.hibernate.org/dtd/hibernate-mapping-3.0.dtd">

<hibernate-mapping>
	<class name="Employee" table="EMPLOYEE">
		<id name="id" column="ID" type="integer">
			<generator class="assigned"></generator>
		</id>
		<property name="name" column="NAME" type="string"></property>
		<property name="mobile" column="MOBILE" type="long"></property>
		<property name="email" column="EMAIL" type="string"></property>
	</class>
</hibernate-mapping>