<?xml version="1.0" encoding="UTF-8"?>

<!DOCTYPE hibernate-configuration PUBLIC "-//Hibernate/Hibernate Configuration DTD 3.0//EN" "http://www.hibernate.org/dtd/hibernate-configuration-3.0.dtd">

<hibernate-configuration>
	<session-factory>
	
	<!-- connection to the database -->
	<property name="hibernate.connection.driver_class">oracle.jdbc.driver.OracleDriver</property>
	<property name="hibernate.connection.url">jdbc:oracle:thin:@localhost:1521:XE</property>
	<property name="hibernate.dialect">org.hibernate.dialect.Oracle10gDialect</property>
	<property name="hibernate.connection.username">RAUTETI_DB_USER</property>
	<property name="hibernate.connection.password">tinf15b3</property>
	
	<!-- autocommit false -->
	<property name="hibernate.connection.autocommit">false</property>
	
	<!-- to display sql query generated when running the program -->
	<property name="show_sql">true</property>
	<property name="format_sql">true</property>
	<property name="use_sql_comments">true</property>
	
	<!-- for jdbc transaction -->
	<property name="hibernate.transaction.factory_class">org.hibernate.transaction.JDBCTransactionFactory</property>
	
	<!-- creating table -->
	<!-- <property name="hbm2ddl.auto">create</property>  -->
	<!-- <property name="hbm2ddl.auto">update</property> -->
	
	<!-- mapping file -->
	<mapping resource="EmployeeMapping.hbm.xml"/>
	
	</session-factory>
</hibernate-configuration>